2020-05-02 05:21:13.695 UTC,"b2bc_api","b2bc_dev",2774,"172.22.0.1:42084",5ead0349.ad6,31,"PARSE",2020-05-02 05:21:13 UTC,3/3717,0,LOG,00000,"duration: 0.412 ms  parse <unnamed>: 
        insert
        into    public.request(
                    id, correlation_id, direction, method, url_address, request_headers,
                    response_headers, request_body, response_body, response_status_code, ok,
                    execution_ms, db_ms, tx_id, session_id_transaction
                )
        values  ($1, $2, $3, $4, $5, $6, $7, $8, nullif($9, '')::jsonb, $10, $11, $12, $13, $14, $15)",,,,,,,,,""
2020-05-02 05:21:13.695 UTC,"b2bc_api","b2bc_dev",2774,"172.22.0.1:42084",5ead0349.ad6,32,"BIND",2020-05-02 05:21:13 UTC,3/3717,0,LOG,00000,"duration: 0.108 ms  bind <unnamed>: 
        insert
        into    public.request(
                    id, correlation_id, direction, method, url_address, request_headers,
                    response_headers, request_body, response_body, response_status_code, ok,
                    execution_ms, db_ms, tx_id, session_id_transaction
                )
        values  ($1, $2, $3, $4, $5, $6, $7, $8, nullif($9, '')::jsonb, $10, $11, $12, $13, $14, $15)","parameters: $1 = '9f8ef906-0ccd-4cee-9872-6a0a10a15a42', $2 = '23d73440-a876-4b04-87ad-ea6e42b8687c', $3 = 'incoming', $4 = 'get', $5 = '/v2/buyers/173ab737-d1bf-4825-be65-cda57799ac29', $6 = '{""host"": ""localhost:3000"", ""accept"": ""*/*"", ""connection"": ""keep-alive"", ""user-agent"": ""PostmanRuntime/7.24.1"", ""authorization"": ""Basic MmQyMjI2MmQtYmFmOC0xMTFmLWExYWItMWZlMTExYTExMWQxOg=="", ""cache-control"": ""no-cache"", ""postman-token"": ""5ee8b937-6102-41a5-b4ff-04eed878ec0f"", ""accept-encoding"": ""gzip, deflate, br""}', $7 = '{""unsullied"": ""true"", ""x-powered-by"": ""Express"", ""x-correlation-id"": ""23d73440-a876-4b04-87ad-ea6e42b8687c"", ""access-control-allow-origin"": ""*""}', $8 = '{}', $9 = '{""id"":""173ab737-d1bf-4825-be65-cda57799ac29"",""program_id"":""4e7f149b-724e-44ed-a3a8-72592b972bc0"",""status"":""active"",""business_type"":""llc"",""business_name"":""EUR Buyer"",""industry"":""other"",""address"":{""street"":""123 Main St"",""city"":""Minneapolis"",""state"":""MN"",""postal_code"":""55414"",""country"":""US""},""phone"":""+123456789"",""employees"":1,""year_established"":2000,""contact"":{""first_name"":""Test"",""last_name"":""Incorporated"",""title"":""Owner"",""email"":""testmerchant@email.com"",""phone"":""+16125558888""},""signature_name"":""Payer"",""signature_title"":""Mr"",""ip_address"":""124.124.124.124"",""payment_terms"":""net45"",""credit_requested"":[{""currency"":""EUR"",""amount"":500000000},{""currency"":""GBP"",""amount"":438594461},{""currency"":""USD"",""amount"":568550000}],""credit_available"":[{""currency"":""EUR"",""amount"":500000500},{""currency"":""GBP"",""amount"":438594900},{""currency"":""USD"",""amount"":568550569}],""credit_line"":[{""currency"":""EUR"",""amount"":500000000},{""currency"":""GBP"",""amount"":438594461},{""currency"":""USD"",""amount"":568550000}],""credit_preauthorized"":[{""currency"":""EUR"",""amount"":0},{""currency"":""GBP"",""amount"":0},{""currency"":""USD"",""amount"":0}],""direct_debit_required"":false,""fein"":""123456789"",""accounts_payable"":{""first_name"":""Mavis"",""last_name"":""Swag"",""title"":""Ms"",""email"":""email@example.com"",""phone"":""+15339355""},""currency"":""EUR"",""created"":""2020-05-02T05:02:51.397Z"",""activation_date"":""2020-05-02"",""activation"":""2020-05-02T05:02:51.397Z"",""application_status"":null,""application_outcomes"":null,""unapplied_credit"":[{""currency"":""EUR"",""amount"":500},{""currency"":""GBP"",""amount"":439},{""currency"":""USD"",""amount"":569}]}', $10 = '200', $11 = 't', $12 = '123', $13 = '57', $14 = '2149', $15 = '5ead0349.ad6'",,,,,,,,""
2020-05-02 05:21:13.695 UTC,"b2bc_api","b2bc_dev",2774,"172.22.0.1:42084",5ead0349.ad6,33,"INSERT",2020-05-02 05:21:13 UTC,3/3717,0,LOG,00000,"execute <unnamed>: 
        insert
        into    public.request(
                    id, correlation_id, direction, method, url_address, request_headers,
                    response_headers, request_body, response_body, response_status_code, ok,
                    execution_ms, db_ms, tx_id, session_id_transaction
                )
        values  ($1, $2, $3, $4, $5, $6, $7, $8, nullif($9, '')::jsonb, $10, $11, $12, $13, $14, $15)","parameters: $1 = '9f8ef906-0ccd-4cee-9872-6a0a10a15a42', $2 = '23d73440-a876-4b04-87ad-ea6e42b8687c', $3 = 'incoming', $4 = 'get', $5 = '/v2/buyers/173ab737-d1bf-4825-be65-cda57799ac29', $6 = '{""host"": ""localhost:3000"", ""accept"": ""*/*"", ""connection"": ""keep-alive"", ""user-agent"": ""PostmanRuntime/7.24.1"", ""authorization"": ""Basic MmQyMjI2MmQtYmFmOC0xMTFmLWExYWItMWZlMTExYTExMWQxOg=="", ""cache-control"": ""no-cache"", ""postman-token"": ""5ee8b937-6102-41a5-b4ff-04eed878ec0f"", ""accept-encoding"": ""gzip, deflate, br""}', $7 = '{""unsullied"": ""true"", ""x-powered-by"": ""Express"", ""x-correlation-id"": ""23d73440-a876-4b04-87ad-ea6e42b8687c"", ""access-control-allow-origin"": ""*""}', $8 = '{}', $9 = '{""id"":""173ab737-d1bf-4825-be65-cda57799ac29"",""program_id"":""4e7f149b-724e-44ed-a3a8-72592b972bc0"",""status"":""active"",""business_type"":""llc"",""business_name"":""EUR Buyer"",""industry"":""other"",""address"":{""street"":""123 Main St"",""city"":""Minneapolis"",""state"":""MN"",""postal_code"":""55414"",""country"":""US""},""phone"":""+123456789"",""employees"":1,""year_established"":2000,""contact"":{""first_name"":""Test"",""last_name"":""Incorporated"",""title"":""Owner"",""email"":""testmerchant@email.com"",""phone"":""+16125558888""},""signature_name"":""Payer"",""signature_title"":""Mr"",""ip_address"":""124.124.124.124"",""payment_terms"":""net45"",""credit_requested"":[{""currency"":""EUR"",""amount"":500000000},{""currency"":""GBP"",""amount"":438594461},{""currency"":""USD"",""amount"":568550000}],""credit_available"":[{""currency"":""EUR"",""amount"":500000500},{""currency"":""GBP"",""amount"":438594900},{""currency"":""USD"",""amount"":568550569}],""credit_line"":[{""currency"":""EUR"",""amount"":500000000},{""currency"":""GBP"",""amount"":438594461},{""currency"":""USD"",""amount"":568550000}],""credit_preauthorized"":[{""currency"":""EUR"",""amount"":0},{""currency"":""GBP"",""amount"":0},{""currency"":""USD"",""amount"":0}],""direct_debit_required"":false,""fein"":""123456789"",""accounts_payable"":{""first_name"":""Mavis"",""last_name"":""Swag"",""title"":""Ms"",""email"":""email@example.com"",""phone"":""+15339355""},""currency"":""EUR"",""created"":""2020-05-02T05:02:51.397Z"",""activation_date"":""2020-05-02"",""activation"":""2020-05-02T05:02:51.397Z"",""application_status"":null,""application_outcomes"":null,""unapplied_credit"":[{""currency"":""EUR"",""amount"":500},{""currency"":""GBP"",""amount"":439},{""currency"":""USD"",""amount"":569}]}', $10 = '200', $11 = 't', $12 = '123', $13 = '57', $14 = '2149', $15 = '5ead0349.ad6'",,,,,,,,""
2020-05-02 05:21:13.711 UTC,"b2bc_api","b2bc_dev",2774,"172.22.0.1:42084",5ead0349.ad6,34,"INSERT",2020-05-02 05:21:13 UTC,3/3717,2151,LOG,00000,"duration: 15.905 ms",,,,,,,,,""
